Designator,Val,Package,Mid X,Mid Y,Rotation,Layer
C1,12pF,C_0402_1005Metric_Pad0.74x0.62mm_HandSolder,135.2815,-105.872103,180.0,top
C101,100nF,C_0402_1005Metric,123.9785,-94.823103,-135.0,top
C2,12pF,C_0402_1005Metric_Pad0.74x0.62mm_HandSolder,137.8215,-103.459103,90.0,top
C3,100nF,C_0402_1005Metric,132.1065,-103.840103,-135.0,top
C301,330nF,C_0603_1608Metric_Pad1.08x0.95mm_HandSolder,133.477,-112.395,-90.0,top
C302,100nF,C_0603_1608Metric_Pad1.08x0.95mm_HandSolder,124.8675,-109.809103,-90.0,top
C303,100uF,C_1206_3216Metric_Pad1.33x1.80mm_HandSolder,124.4865,-114.381103,90.0,top
C501,100nF,C_0603_1608Metric_Pad1.08x0.95mm_HandSolder,128.8205,-82.369103,0.0,top
D1,D,D_SOD-323,136.4485,-122.972103,90.0,top
D11,SS34,D_SMA,144.683,-80.252103,-90.0,top
D12,~,D_SMA,144.683,-72.950103,90.0,top
D2,LED,LED_0805_2012Metric_Pad1.15x1.40mm_HandSolder,138.865909,-133.564808,90.0,top
D21,SS34,D_SMA,144.683,-95.252103,-90.0,top
D22,~,D_SMA,144.683,-87.950103,90.0,top
D301,MB10S,TO-269AA,129.0745,-89.354103,180.0,top
D31,SS34,D_SMA,144.683,-110.252103,-90.0,top
D32,~,D_SMA,144.683,-102.950103,90.0,top
D4,LED,LED_0805_2012Metric_Pad1.15x1.40mm_HandSolder,136.706909,-133.564808,90.0,top
D41,SS34,D_SMA,144.683,-125.252103,-90.0,top
D42,~,D_SMA,144.683,-117.950103,90.0,top
D501,SS53,D_SMA,125.5675,-79.617603,0.0,top
D502,SS53,D_SMA,133.0675,-79.617603,180.0,top
D503,SS53,D_SMA,133.0675,-76.117603,0.0,top
D504,SS53,D_SMA,125.5675,-76.117603,180.0,top
D51,SS34,D_SMA,114.969,-117.950103,90.0,top
D52,~,D_SMA,114.969,-125.252103,-90.0,top
D61,SS34,D_SMA,114.969,-102.950103,90.0,top
D62,~,D_SMA,114.969,-110.252103,-90.0,top
D71,SS34,D_SMA,114.969,-87.950103,90.0,top
D72,~,D_SMA,114.969,-95.252103,-90.0,top
D81,SS34,D_SMA,114.969,-72.950103,90.0,top
D82,~,D_SMA,114.969,-80.252103,-90.0,top
J11,~,"PhoenixContact_MC_1,5_3-G-3.5_1x03_P3.50mm_Horizontal",148.874,-76.546103,90.0,top
J21,~,"PhoenixContact_MC_1,5_3-G-3.5_1x03_P3.50mm_Horizontal",148.874,-91.546103,90.0,top
J31,~,"PhoenixContact_MC_1,5_3-G-3.5_1x03_P3.50mm_Horizontal",148.874,-106.546103,90.0,top
J41,~,"PhoenixContact_MC_1,5_3-G-3.5_1x03_P3.50mm_Horizontal",148.874,-121.601103,90.0,top
J51,~,"PhoenixContact_MC_1,5_3-G-3.5_1x03_P3.50mm_Horizontal",110.778,-121.601103,-90.0,top
J61,~,"PhoenixContact_MC_1,5_3-G-3.5_1x03_P3.50mm_Horizontal",110.778,-106.601103,-90.0,top
J62,Screw_Terminal_01x04,"PhoenixContact_MC_1,5_4-G-3.5_1x04_P3.50mm_Horizontal",129.5275,-70.696603,180.0,top
J71,~,"PhoenixContact_MC_1,5_3-G-3.5_1x03_P3.50mm_Horizontal",110.778,-91.601103,-90.0,top
J81,~,"PhoenixContact_MC_1,5_3-G-3.5_1x03_P3.50mm_Horizontal",110.778,-76.546103,-90.0,top
Q11,AO3400A,SOT-23,140.746,-81.808103,0.0,top
Q12,AO3400A,SOT-23,140.746,-71.394103,0.0,top
Q21,AO3400A,SOT-23,140.746,-96.808103,0.0,top
Q22,AO3400A,SOT-23,140.746,-86.394103,0.0,top
Q31,AO3400A,SOT-23,140.746,-111.808103,0.0,top
Q32,AO3400A,SOT-23,140.746,-101.394103,0.0,top
Q41,AO3400A,SOT-23,140.746,-126.808103,0.0,top
Q42,AO3400A,SOT-23,140.746,-116.394103,0.0,top
Q51,AO3400A,SOT-23,118.906,-116.394103,180.0,top
Q52,AO3400A,SOT-23,118.906,-126.808103,180.0,top
Q61,AO3400A,SOT-23,118.906,-101.394103,180.0,top
Q62,AO3400A,SOT-23,118.906,-111.808103,180.0,top
Q71,AO3400A,SOT-23,118.906,-86.394103,180.0,top
Q72,AO3400A,SOT-23,118.906,-96.808103,180.0,top
Q81,AO3400A,SOT-23,118.906,-71.394103,180.0,top
Q82,AO3400A,SOT-23,118.906,-81.808103,180.0,top
R1,10k,R_0603_smalltext,138.1195,-130.676103,0.0,top
R101,0R1,R_1206_3216Metric,124.6135,-83.131103,0.0,top
R102,0R1,R_1206_3216Metric,124.6135,-85.417103,0.0,top
R103,0R1,R_1206_3216Metric,134.962,-85.679103,180.0,top
R104,0R1,R_1206_3216Metric,134.962,-83.393103,180.0,top
R11,22R,R_0603_1608Metric_Pad0.98x0.95mm_HandSolder,140.746,-77.363103,0.0,top
R12,22R,R_0603_1608Metric_Pad0.98x0.95mm_HandSolder,140.746,-75.712103,0.0,top
R13,10k,R_0603_1608Metric_Pad0.98x0.95mm_HandSolder,140.746,-79.014103,0.0,top
R14,10k,R_0603_1608Metric_Pad0.98x0.95mm_HandSolder,140.746,-74.061103,0.0,top
R2,10k,R_0402_1005Metric_Pad0.72x0.64mm_HandSolder,121.7085,-129.740103,180.0,top
R21,22R,R_0603_1608Metric_Pad0.98x0.95mm_HandSolder,140.746,-92.363103,0.0,top
R22,22R,R_0603_1608Metric_Pad0.98x0.95mm_HandSolder,140.746,-90.712103,0.0,top
R23,10k,R_0603_1608Metric_Pad0.98x0.95mm_HandSolder,140.746,-94.014103,0.0,top
R24,10k,R_0603_1608Metric_Pad0.98x0.95mm_HandSolder,140.746,-89.061103,0.0,top
R3,10k,R_0603_smalltext,122.4785,-126.909103,90.0,top
R31,22R,R_0603_1608Metric_Pad0.98x0.95mm_HandSolder,140.746,-107.363103,0.0,top
R32,22R,R_0603_1608Metric_Pad0.98x0.95mm_HandSolder,140.746,-105.712103,0.0,top
R33,10k,R_0603_1608Metric_Pad0.98x0.95mm_HandSolder,140.746,-109.014103,0.0,top
R34,10k,R_0603_1608Metric_Pad0.98x0.95mm_HandSolder,140.746,-104.061103,0.0,top
R4,10k,R_0603_smalltext,122.4785,-123.353103,90.0,top
R41,22R,R_0603_1608Metric_Pad0.98x0.95mm_HandSolder,140.746,-122.363103,0.0,top
R42,22R,R_0603_1608Metric_Pad0.98x0.95mm_HandSolder,140.746,-120.712103,0.0,top
R43,10k,R_0603_1608Metric_Pad0.98x0.95mm_HandSolder,140.746,-124.014103,0.0,top
R44,10k,R_0603_1608Metric_Pad0.98x0.95mm_HandSolder,140.746,-119.061103,0.0,top
R5,1k5,R_0603_smalltext,136.215909,-126.528103,90.0,top
R501,47k,R_0603_smalltext,128.2155,-84.909103,-90.0,top
R502,10k,R_0603_smalltext,129.8365,-84.909103,90.0,top
R51,22R,R_0603_1608Metric_Pad0.98x0.95mm_HandSolder,118.906,-120.839103,180.0,top
R52,22R,R_0603_1608Metric_Pad0.98x0.95mm_HandSolder,118.906,-122.490103,180.0,top
R53,10k,R_0603_1608Metric_Pad0.98x0.95mm_HandSolder,118.906,-119.188103,180.0,top
R54,10k,R_0603_1608Metric_Pad0.98x0.95mm_HandSolder,118.906,-124.141103,180.0,top
R6,6k2,R_0603_1608Metric_Pad0.98x0.95mm_HandSolder,134.652909,-129.867103,0.0,top
R61,22R,R_0603_1608Metric_Pad0.98x0.95mm_HandSolder,118.906,-105.839103,180.0,top
R62,22R,R_0603_1608Metric_Pad0.98x0.95mm_HandSolder,118.906,-107.490103,180.0,top
R63,10k,R_0603_1608Metric_Pad0.98x0.95mm_HandSolder,118.906,-104.188103,180.0,top
R64,10k,R_0603_1608Metric_Pad0.98x0.95mm_HandSolder,118.906,-109.141103,180.0,top
R71,22R,R_0603_1608Metric_Pad0.98x0.95mm_HandSolder,118.906,-90.839103,180.0,top
R72,22R,R_0603_1608Metric_Pad0.98x0.95mm_HandSolder,118.906,-92.490103,180.0,top
R73,10k,R_0603_1608Metric_Pad0.98x0.95mm_HandSolder,118.906,-89.188103,180.0,top
R74,10k,R_0603_1608Metric_Pad0.98x0.95mm_HandSolder,118.906,-94.141103,180.0,top
R81,22R,R_0603_1608Metric_Pad0.98x0.95mm_HandSolder,118.906,-75.839103,180.0,top
R82,22R,R_0603_1608Metric_Pad0.98x0.95mm_HandSolder,118.906,-77.490103,180.0,top
R83,10k,R_0603_1608Metric_Pad0.98x0.95mm_HandSolder,118.906,-74.188103,180.0,top
R84,10k,R_0603_1608Metric_Pad0.98x0.95mm_HandSolder,118.906,-79.141103,180.0,top
SW1,SW_SPST,tactile_SMD_6mm,144.8885,-132.236103,0.0,top
U1,ATmega328-A,TQFP-32_7x7mm_P0.8mm,127.7885,-99.649103,45.0,top
U3,6N137,SOP-8_6.62x9.15mm_P2.54mm,129.3125,-124.033103,90.0,top
U301,L78L05_SOT89,SOT-89-3,128.85,-112.5,0.0,top
Y1,Crystal_GND2,crystal_arduino,135.1545,-103.459103,0.0,top
